seller_id,seller_name,first_seen
A3VZHMRV3J141P,YETI Authorized,2026-02-24
A1GGYF6XSX3F2O,AltCom,2026-02-24
A3QVFUAP98IBL3,OnlineSellingFirm,2026-02-24
AZXP5SX20ZBBQ,BV Superstore LLC,2026-02-25
AXQY2GSQJQVML,Kicks Store WA,2026-02-25
A354GFD69VMTS3,Elens Superstore,2026-02-25
A3EQJ16CEAAUOF,Factory Hardware Store,2026-02-25
AY12EQ60FHP9K,YOURDEAL26,2026-02-25
AT1XJTZC6RZLX,Fashion House Discount,2026-02-25
A3SFPIL4KA3KL,Treasure Island-Deals,2026-02-25
A16BKJCIAV0TVM,EasytoGo,2026-02-25
AFDBJ1LF8PKS,Byron's_Attic,2026-02-25
A2EFU3OG2NJH8W,Brothers 441 Brands,2026-02-25
A3248WF1E8P3FN,BRICKCOMPLETE,2026-02-25
A1ASF6OI65G8JP,Subini AIO Shop,2026-02-25
A33K4M1WYCK6SU,Barbi's Bargains,2026-02-25
A2946YJ2ZTKLDB,Protouch Products,2026-02-25
AB1XQ3DA8GGTV,Premier Shipping Fast,2026-02-25
AM0XR41QYZUAV,"Unicorns and Llamas, LLC",2026-02-25
A3HFR4BSJNDEHW,Bricks4fun,2026-02-25
A3RFJCGSRJ051D,RichMondHS [SN Recorded],2026-02-25
A2F85WFBX7LVR3,Schmaltz,2026-02-25
A3QCSPN1Z89L6R,BamOnTheGo,2026-02-25
ALEN2ZOBBF3MZ,Bearded Dad Bargains,2026-02-25
A2QSNYYLQ5Y5DS,Royal Rebel Inc,2026-02-25
A3DCBRRE26W8SW,Vacationland,2026-02-25
A11XWQHT9GTQER,LMM Deals,2026-02-25
A29PHU0KPCGV8S,The Factory Depot,2026-02-25
A1IHE8K2N15CH8,ASAP Shipping,2026-02-25
A1ZH76XX6IVEJL,Amazing Deals (We record SN),2026-02-25
A5U4SNRH332B5,âœ… BEST CHOICE â€” VETERAN OWNED,2026-02-25
AA0LT939AQRXF,EEProducts,2026-02-25
A194XJYUWV3M16,Amazed Shops,2026-02-25
A282LZGE5GW0RF,ProDeal Central,2026-02-25
A3QD5QEEJY3GT5,HCo Global,2026-02-25
A27R580BDYKB63,GetRealistic,2026-02-25
AMOZ7JIIKVTER,kentcollectibles,2026-02-25
A3SR36OTK0L8CO,K Corporation Inc,2026-02-25
A33LETQY1UHJ66,TOMIA LLC,2026-02-25
A38SES6SRL8TPA,D&S Xpress,2026-02-25
AYRVVTWDEGI67,Elora D Sales,2026-02-25
A3U8TNG85UGK3X,AuraPrimeUSA,2026-02-25
A1G7YAFWL9FKXQ,NMP Goods,2026-02-25
A2H923UT1S45Y1,Pecuniabay,2026-02-25
A3CCNJQKLZXBNX,Dewdrop LLC,2026-02-25
A3OASQZESAAPHK,SAN GEORGE USA,2026-02-25
A3DINL8VX725VT,BL Deals,2026-02-25
A2L6B6NA5DZBX0,Central Zone Goods,2026-02-25
A1TMVBT38AM3PC,BLG Capital LLC,2026-02-25
AJSAMMUI0EG03,TEXAS CONNECTIONS,2026-02-25
A21L6PKK781CNW,BRW FULFILLMENT,2026-02-25
A9FTCNW4UYFKQ,Broheemium,2026-02-25
A3SMKEQLYBNST2,Office Tech Supplies (S/N Recorded),2026-02-25
A1EV9YG32ULM4O,"Sabrina Sells, LLC",2026-02-25
ADBFMS02QK3QE,Impulsiqs,2026-02-25
A1GEUXWXLY3BLZ,915market,2026-02-25
A2LZO1DGHI8M8V,Fashion Footwear,2026-02-25
AP9AIVK8SYGCH,Hot Items For Less LLC,2026-02-25
A1CRRHKL0SIRV2,BOB AND THINGS,2026-02-25
A24OJYXFSFJCXO,Supplying Families,2026-02-25
A2LPDLQUL8FCE,shoes by SBS,2026-02-25
A2C027IF4SA2TW,Carpe Omnium,2026-02-25
A3IM9F7630JF5N,FASTBRICKS.,2026-02-25
A2U2U1ITG5OR8U,TOS LLC,2026-02-25
A3AAF2M6YQUA6E,Global Nomad,2026-02-25
A2ID8SNLOLEMRR,PREVAIL Ventures,2026-02-25
A19WCTKEAKDSMT,Avalon Online,2026-02-25
AZZ6L3UVDX4O,Pro-Electroinc,2026-02-25
AAZ5BLOO9TW5X,Home Solutions 4Less,2026-02-25
A3OGPEZCAIMV46,HardToFindTreasures,2026-02-25
A3KCA5HJXVG0B7,Watch Center 2,2026-02-25
ABM92WCTHXGC6,Palmtreestore,2026-02-25
A20ARDPKRRS4BM,CRW LLC,2026-02-25
A169YGACM7FJJO,Instock Distributing,2026-02-25
A3MO0ONGFY5KE2,Imagine That Toys,2026-02-25
A1JZYET5D13VCS,TRS North America,2026-02-25
AOVHZ7BLIXZIQ,TLCG Commerce,2026-02-25
AY7MT8EMHQRHF,Gogobricks,2026-02-25
A3514JY5EZK6UB,BLF Sales & Service LLC,2026-02-25
A8J09E2FDMZCY,Hillard Sports Store,2026-02-25
A3138GIVY3DWEO,Good Choice Warehouse,2026-02-25
A2HX9BQKSE8B9V,CCP Express LLC,2026-02-25
AMN3DNHHBJTXG,Chilly Trading Co,2026-02-25
A1DWFMEQ2ONTOS,CarsN'Stuff3.0,2026-02-25
A27XOF8MZJ0EMW,THE GREAT DEAL,2026-02-25
A42RLHP12DEXD,Smart Bargains 4 U,2026-02-25
A3H0TO6VXUWQWB,MM Bricks LLC,2026-02-25
AMKBWKFMZFQ7Q,Tee Jay Deals,2026-02-25
A2NEM58BFPMEIL,Orva Stores,2026-02-25
A3VVYU0A5BLYV0,JULESInc,2026-02-25
A27TZCY4SK2B7G,Z&Z LLC (SN recorded),2026-02-25
A3KO3B0FA95YGB,TECH61,2026-02-25
A2A37K8RZILIJZ,Ibex Trade & Sales,2026-02-25
A1UKKA5TVMX7XY,SuperLimitedItems,2026-02-25
A3K6YC2G07EVSR,TBT,2026-02-25
A7H37HS2706TH,Preferred Pharmacy Plus,2026-02-25
A15DT8GO4TEUTW,Express US Customer Service,2026-02-25
A1PQHIWI2JOVFF,Marin Fulfillment .,2026-02-25
A2ERKX7FZG0INF,Mazgear,2026-02-25
A1RAL32L7M2RNZ,TPM & Co.,2026-02-25
A36BY1YSGIAGLK,Back in Stock,2026-02-25
A18OQVUWTFKUBN,Buyer's kingdom,2026-02-25
A3JMYRH37X1Z3W,SorcerOutdoors,2026-02-25
A2UQIF9NZX0MJI,Toys We Are!,2026-02-25
A1KL6PLRNXUZAE,expeditekicks,2026-02-25
A6SGV33K780GH,Cooper's Alley LLC,2026-02-25
A27XM9UWN33J5F,The M&N Group,2026-02-25
A2L5TO1DJYOPFJ,Essence of Quality â„¢ (S/N Recorded),2026-02-25
AWVKIG7G9Q3OD,The Prime Cut,2026-02-25
A1HB7MI1R2DUT4,SM DEALS LLC,2026-02-25
A12GD9TD3FRNOG,Clever Home Products,2026-02-25
A3GNFIQ6YPPE9Z,SJC Enterprises Inc.,2026-02-25
A3P9KNVC8ZA3CE,SimpaLiving LLC,2026-02-25
A2KBEB5R5QJW2O,Brand Studios,2026-02-25
A1NUXWPFFF14JI,StyleNicolas,2026-02-25
AGZLHMQYR3APL,PandaXpress1,2026-02-25
A2CIHPTSA55JB6,Hawk Distribution (S/N Recorded),2026-02-25
A2WQL1I40KN3SI,Gem 360,2026-02-25
A3M858IFF1D9S0,BEUSA,2026-02-25
A3OZY609P47N5P,TS Global Company LLC,2026-02-25
A2W7XA3NFY1GCV,Corner Suite,2026-02-25
A30IYBH9A9UGPV,Sunshine Refinement,2026-02-25
A3ECTHEOD0UBI1,Plunder from Down Under Shop,2026-02-25
A2W2BQEC7C5AM9,Everything Under The Hut,2026-02-25
A34LA08JQGZZSB,TOP TOP PRODUCTS,2026-02-25
A2V0AUEHW8YS8B,Amazing choice (SN Recorded),2026-02-25
A3L6S6U35U0BP7,Family Supply Co,2026-02-25
AKIP67XU2O964,Peaktrades,2026-02-25
A1THHE3ILAJ9FZ,Radar Toys,2026-02-25
A2M2K1PY9U27A2,Vend LLC,2026-02-25
AUXBN7Q688F6V,Heroicis,2026-02-25
A2HH9I2VFGFJCX,smartdeals1,2026-02-25
ADG10GOGXZ5W2,Pro Picks,2026-02-25
A310GJULM0YE5,Lost Games,2026-02-25
A38GCZO1Y368HR,bestchoicea,2026-02-25
A3H9YFYZFXS6H2,Short Stack Suppliers,2026-02-25
AFPT5207SAXKM,ðŸ”¶AAA_EssentialsðŸ”¶,2026-02-25
A1SPSR0CFA01TC,Pillar OMD,2026-02-25
A28DGITAMJEZGJ,"MM Depot, LLC",2026-02-25
AH33MWPRZ6ZT0,InZHome,2026-02-25
A3GS21TNXF11JA,Fitline Supply,2026-02-25
ARXW6VZSYB90S,World and Space,2026-02-25
AKHMLZU2LLJMT,CCommerceLLC,2026-02-25
A3LUVL9PHBMIC1,olive garden,2026-02-25
A1HY96ZQEXZN61,Jaja Traders,2026-02-25
AO8Q3TIVVRF8X,Biggus & Sons,2026-02-25
A2PDTOPRYPQ02I,VINKO STORE,2026-02-25
A1LZN806TROZ37,RockyStone Electronics,2026-02-25
A31MNJMJRG8Z8G,DesirePro,2026-02-25
ADPKWSZ7VP8FO,Simplifyshopping,2026-02-25
A35C1DUNJ7WI75,Branded Factory Outlets,2026-02-25
A2RKVQOQ01OV2O,The Bryan Company,2026-02-25
A33OG6OLVE95VU,Ambition Enterprises LLC,2026-02-25
A1T1R9Q3ML5YGI,MaxWarehouse,2026-02-25
A1OT71KA71XIUF,Best Way Tech (We Record SN),2026-02-25
A2FI8MX7K6SRJR,HobbyTown Toms River NJ,2026-02-25
A3SOM3G4ZB4NFF,Mayberry Toys,2026-02-25
A3MKZDBKTV16IA,iedeals,2026-02-25
ASH1H6YCFH4EF,Electronic Express,2026-02-25
A3BASFDRRH4ET8,Totoro (SN Recorded),2026-02-25
A28C0XE8TENCHT,wanissa-sell LLC,2026-02-25
AZT7K7ZFMPT3A,AKA Buy It For Less,2026-02-25
A3C5Y7JFOTW4WN,DEH2 Enterprises LLC,2026-02-25
AFBLHVLJSOBWY,ST Antonious New Fashion,2026-02-25
AMXD04GD7OAN,Monch y Chito LLC,2026-02-25
AMR9RMDKT4BPE,Truemark,2026-02-25
A154Z3BZB2CCWS,Fat Brain Toys,2026-02-25
A1VLRMEBPNYB69,GLCollectibles,2026-02-25
A2LMAK7A4YQTVM,Znvora,2026-02-25
AXXC9IRP1GRLD,beach gateway,2026-02-25
A1VEGT0ID6GCYB,Tulip Concepts,2026-02-25
ABOCWXADF67BJ,Maggies Collectibles,2026-02-25
A3C0XUV44KA6M3,Fast Shipping! Toys and More!,2026-02-25
A36U6FRXBYGQR7,BULK COMMERCE,2026-02-25
A1D4GU012AGYC8,GenXers Merch,2026-02-25
A17WSBJPSVVKYO,Amazin Finds 4 You,2026-02-25
A3LSDO8C9FZOBZ,Martin's Merchandise,2026-02-25
A1NZEJZ10332NK,Toys & Co.,2026-02-25
A2ZDOQCTP71F2K,iTech365 (We Record Serial Numbers),2026-02-25
A3NQ0BE25UCK1H,CyberToyShop,2026-02-25
A3IVMP21GQNVHY,BonBonDeals,2026-02-25
AWT2L1ADJLE7A,WeWorkStuff,2026-02-25
A16F4DAMPSDFUS,Jhenn's Store,2026-02-25
A2UFG4QQH0LLLB,toyshopusa,2026-02-25
A1NN1FF5TFCSDY,SUPERSALESUSA,2026-02-25
A24X7HLZCUI82Q,Elite Toy Box,2026-02-25
A2NU79P4N55G31,Trashurechest,2026-02-25
A24U8ILD7GJLED,ElloGoodBuys,2026-02-25
A27MSVYQABDBLL,LaMar Bazaar,2026-02-25
APV6T4RKTKPW0,Dress Code Clothing,2026-02-25
ACWD98WMFYZV3,Solati,2026-02-25
A17GPVVHD4O3PO,Bartz's Party Stores,2026-02-25
A1LUGVIOZLG8YN,GAMZU2020 INC,2026-02-25
A31AXZ2ONSA7MG,Kaya Commerce,2026-02-25
AYJ97XRA8XNAN,Quality Plus Sales,2026-02-25
A13ZLMAFLZ6C1A,Tilly Tyme,2026-02-25
A3LPW6YNJQ29S8,GOODIES FOR KIDDIES,2026-02-25
A2X241L9Q6981A,R3lativity,2026-02-25
A24FVLFTW1Z1C1,GoodSprings,2026-02-25
A2GHMXBDNFPYV6,Bomb Brands âœ”,2026-02-25
AWNK5QZIU4FID,BlueSky Distribution,2026-02-25
A1LTJY4HYKZU11,O.P. Taylor's Toy Store,2026-02-25
A35F9MGKUULAUN,Tan Hiep LLC,2026-02-25
A2AQNWFGVKEZMX,The Toymix,2026-02-25
AFPX9FGLPZ4W9,Primecollections23,2026-02-25
A2F4LH0XDUN3Y6,ðŸ¦…ðŸ‡ºðŸ‡¸Superior & Coventryâ€™sðŸ‡ºðŸ‡¸ðŸ¦…,2026-02-25
A1HH58LKQQX3X,AJ SITE,2026-02-25
A232DW1MT142AM,CPKP Services LLC,2026-02-25
ARNYLIJYEZW75,Treasure-boxx LLC,2026-02-25
A3I4BYZO8JIV4O,Cool Dads Toys,2026-02-25
A1UCLBABJC36GW,Purple Piggy Toys and Gifts,2026-02-25
ATVPDKIKX0DER,Amazon.com,2026-02-25
A3BCW99Y15U9B0,Vision 2 Reality Studios,2026-02-25
A18YRRSOYYUIQP,Unique & Upscale,2026-02-25
A3PS95NDLXXB5O,Pop In Locker Collectibles,2026-02-25
AFQ6U39JXCVY7,3 BRICKS,2026-02-25
A34PILTC1Q6XT3,Marco's Emporium,2026-02-25
A1PGQFJ0X4BIM,Little Oak Solutions,2026-02-25
AC77R7JUGTRLS,kamannka,2026-02-25
A3Z196RENA351,Weyoung07,2026-02-25
A2HEPXRJ0D7EXO,Scarlet Isle,2026-02-25
A12E7CSF4RGSOW,North Country Fulfillment,2026-02-25
A1ECWRY6AXVU5J,CFBoutique,2026-02-25
A2O0YPFLPXI4IG,Hightide Family Retailers,2026-02-25
A37QCQBPQXCKAB,Blueberry Shamrock,2026-02-25
A2LXA54NX3XMLQ,Ecliptic Emporium,2026-02-25
A1L773GETBGUZ2,HAS BRANDS,2026-02-26
A2LYCDVG2SJBPA,Gia fashion expres,2026-02-26
A2KGQUHFOFACM0,SpddyS LLC,2026-02-26
ARLX1VMS4NCK6,B&M 2 Store,2026-02-26
AAZRLVTNON75Z,Triplenet Pricing INC,2026-02-26
A27OK403WRHSGI,Kaplan Early Learning Company,2026-02-26
A2XP9A58QDQWI7,STUFF YOU NERDS WANT,2026-02-26
A20VPTE6TZZ8FE,Galorco Inc,2026-02-26
AOTJR8LHYFC7S,R&R Repurposed,2026-02-26
AEO940LL6TABR,E.G. Supply,2026-02-26
A1YMOO46VY7RRT,MM&K Etc.,2026-02-26
A3LJNMKD4A8MLF,Buying Better LLC,2026-02-26
A34CX0ISM2EQ00,Online Gaming Store,2026-02-26
A17LFE53QSA0DN,PacificTech (We record serial number),2026-02-26
A3QZEZE55VH2T8,thehappystore,2026-02-26
A2LDZGFAGG1QXE,Petco Supplies,2026-02-26
A2ZJOOFX9YSYIY,Novanava,2026-02-26
A2M6TE0A199TV4,ivaluemart,2026-02-26
A318KZKAVS7VOQ,Rover Mall,2026-02-26
A1WTJV81JYQ9SN,pow_science,2026-02-26
A3L4I3V2WI8GVO,Drip and Sole,2026-02-26
A3FC5FJ0KO4BJT,Wovenx & PawLyfe & Elumina Decor,2026-02-26
AR19UCUA8WNNP,reVend,2026-02-26
A6ZAFVC5EJX5Y,QQ Merchandise,2026-02-26
A3GNZF2WJBKPUF,LIS STORE LLC,2026-02-26
A2NDGZEL8IQADN,BRICK Marketplace,2026-02-26
A2A1FBQL0WHQLT,SwiftTraders,2026-02-26
A36JW0I889VOKA,The Space Outlet,2026-02-26
A1WKDVOEKRL9FK,Zoey's Things,2026-02-27
A1ER2UH9JB2POD,PMLLLC,2026-02-27
AGISPWKCIQ850,Two-Arrows,2026-02-27
A23MQIDFC17MR5,USA 3D GLOBAL (Serial Number Recorded),2026-02-27
A2TVRE2CB5TELZ,SF0 Athletics,2026-02-27
AHRYVY6QBD9RW,Agora Capital,2026-02-27
A1YDCK9HL6BXIQ,TwoCanPlay Undercutters,2026-02-27
AIKNFXV1CJJPJ,CS2Enterprises,2026-02-27
A1MPVH5JF0IOIQ,Elite Commerce Inc,2026-02-27
A114DO0SXVYAAT,HAPPY TOOL,2026-02-27
A36DGJ4M9T07DJ,Peak Express,2026-02-27
A2L8RYV705C96L,BoxluckFreedom,2026-02-27
A3RM8ILJDM6B5A,Toys and Collectibles 4 All,2026-02-27
APZ7U0G1OD8V2,Fulfillment CNTR,2026-02-27
A1N0FYI7WEO7OO,Aspire Ecommerce LLC,2026-02-27
A2GAUMYAOY582O,Catalyst Global,2026-02-27
A1Y8XGORATHV4T,Sofishop Online,2026-02-27
ANJ5OB61G77D0,Toucan Toyz,2026-02-27
A1ZRDQ2C7RSKS8,InstaFinds Inc,2026-02-27
AVLAYZZSNQVJ9,DOW Distribution,2026-02-27
A2KGKRVE1J3LA,DemandtoSupply,2026-02-27
A10F1VEJKWRE1Q,VALENTINASERENITY,2026-02-27
AM9F08T8XXNSC,BuyArena,2026-02-27
A3A6MCHD3L9ER9,Yao Emporium,2026-02-27
A13ZB2RE495DR0,the quality shop,2026-02-28
A2LLAZXXQLWFU2,Shoe Summit,2026-02-28
A122P0L0EGPKAT,Premium Choice Co,2026-02-28
A3M3W8VTWBH6D8,Loot Cave,2026-02-28
A2JT4XY1RD2N34,Fast.Tech.For.Less.,2026-02-28
A1XWF0AXO6OSRW,Explorer Deals,2026-02-28
A3KOEQCWT3LCBD,Nitro Panda,2026-02-28
